N_total;778
K;1,0000
N;778
beta_asym;0.3
beta_sym;0.3
beta_sev;0.3
epsilon;0,2000
eta;0,0750
nu;0,10
sigma;0.52
gamma_asym;0.07692307692307693
gamma_sym;0.07692307692307693
gamma_sev_d_hat;0.07692307692307693
gamma_sev_r_hat;0.07692307692307693
beds;15
S;739
E;15
I_asym;7
I_sym;7
I_sev;7
R;3
D;0.0
